{
    "data": [
        {
            "active": true,
            "fileGroup": {
                "files": [
                    "XlinkAnalyzer.csv"
                ]
            },
            "mapping": {
                "p85": [
                    "p85"
                ]
            },
            "name": "xlinks",
            "type": "xquest"
        }
    ],
    "subcomplexes": [],
    "subunits": [
        {
            "chainIds": [
                "A"
            ],
            "color": [
                0.0,
                0.0,
                0.0,
                1.0
            ],
            "domains": [],
            "name": "p85",
            "selection": ":.A",
            "type": "component"
        },
        {
            "chainIds": [
                "B"
            ],
            "color": [
                0.0,
                0.0,
                0.0,
                1.0
            ],
            "domains": [],
            "name": "p85",
            "selection": ":.B",
            "type": "component"
        }
    ],
    "xlinkanalyzerVersion": "1.1"
}